Date,Title,Type,Case number, Link, Category, Case notes
2015-10-09,"One Industries Corp., In the Matter of ","Administrative","152 3201", ," "," "
2016-06-22,"InMobi Pte Ltd. ","Federal","152 3203", ," "," "
2011-03-11,"Twitter, Inc., a corporation ","Administrative","092 3093", ," "," "
2009-03-05,"Rental Research Services, Inc., a corporation, et al., United States of America (for the Federal Trade Commission) ","Federal","072 3228", ," "," "
2009-06-16,"James B. Nutter & Company, a corporation, in the Matter of ","Administrative","072 3108", ," "," "
2011-11-08,"Godwin, Jones O., d/b/a skidekids.com ","Federal","1123033", ," "," "
2008-01-30,"Industrious Kid, Inc. and Jeanette Symons., U.S. (for the FTC) ","Federal","072-3082", ," "," "
2000-01-13,"Equifax Credit Information Services, Inc. ","Federal","9923016", ," "," "
2013-07-02,"HTC America Inc., In the Matter of ","Administrative","122 3049", ," "," "
2013-05-01,"Filiquarian Publishing, LLC; Choice Level, LLC; and Joshua Linsk, In the Matter of ","Administrative","112 3195", ," "," "
2020-05-20,"Tapplock, Inc., In the Matter of ","Administrative","192 3011", ," "," "
2011-08-19,"SettlementOne Credit Corporation ","Administrative","082 3208", ," "," "
2000-01-06,"ReverseAuction "," "," ", ," "," "
2011-06-09,"Best Priced Brands, LLC, et al. ","Federal","092 3081", ," "," "
2009-06-23,"CVS Caremark Corporation, In the Matter of ","Administrative","072 3119", ," "," "
2018-10-11,"IDmission LLC, In the Matter of ","Administrative","182 3150", ," "," "
2013-02-01,"Path, Inc. ","Federal","122 3158", ," "," "
2015-09-03,"Nomi Technologies, Inc., In the Matter of ","Administrative","132 3251", ," "," "
2019-09-06,"LightYear Dealer Technologies, LLC, In the Matter of ","Administrative","172 3051", ," "," "
2017-11-29,"Md7, LLC, In the Matter of ","Administrative","172 3172", ," "," "
2018-11-19,"SmartStart Employment Screening, Inc., In the Matter of ","Administrative","182 3154", ," "," "
2017-11-29,"Tru Communication, Inc., In the Matter of ","Administrative","172 3171", ," "," "
2019-10-08,"LifeLock, Inc., a corporation ","Federal","072 3069; X100023", ," "," "
2019-08-21,"SecurTest, Inc., In the Matter of ","Administrative","182 3152", ," "," "
2017-11-29,"Decusoft, LLC, In the Matter of ","Administrative","172 3173", ," "," "
2012-10-26,"Franklin's Budget Car Sales, Inc., also d/b/a Franklin Toyota/Scion, In the Matter of ","Administrative","102 3094", ," "," "
2005-04-26,"Vision I Properties, LLC, et al., In the Matter of ","Administrative","042 3068", ," "," "
2016-09-29,"LabMD, Inc., In the Matter of ","Administrative","102 3099", ," "," "
2011-08-19,"ACRAnet, Inc., In the Matter of ","Administrative","092 3088", ," "," "
2011-08-19,"Fajilan and Associates, Inc., also d/b/a Statewide Credit Services, In the Matter of ","Administrative","092 3089", ," "," "
2005-04-15,"Nationwide Mortgage Group, Inc., and John D. Eubank, In the Matter of ","Administrative","042-3104", ," "," "
1997-08-05,"Bruno's, Inc., In the Matter of ","Administrative","962 3086", ," "," "
2002-05-10,"Eli Lilly And Company, In the Matter of ","Administrative","012 3214", ," "," "
2015-12-11,"Wyndham Worldwide Corporation ","Federal","1023142; X120032", ," "," "
2020-01-16,"DCR Workforce, Inc., In the Matter of ","Administrative","182 3188", ," "," "
2019-09-04,"Google LLC and YouTube, LLC ","Federal","172 3083", ," "," "
2020-07-09,"NTT Global Data Centers Americas, Inc., In the Matter of ","Administrative","182 3189", ," "," "
2014-06-25,"Baker Tilly Virchow Krause, LLP, In the Matter of ","Administrative","142 3019", ," "," "
2011-06-17,"Chitika, Inc., In the Matter of ","Administrative","1023087", ," "," "
2014-06-25,"Apperian, Inc., In the Matter of ","Administrative","142 3017", ," "," "
2014-06-25,"Atlanta Falcons Football Club, LLC, In the Matter of ","Administrative","142 3018", ," "," "
2015-12-17,"LAI Systems, LLC ","Federal","142 3261", ," "," "
2010-03-03,"Credit Bureau Collection Services ","Federal","062 3226", ," "," "
2007-02-22,"Information Search, Inc., and David J. Kacala (District of Maryland, Northern Division) ","Federal","062 3102", ," "," "
2007-12-18,"American United Mortgage Company., United States of America (for the FTC) ","Federal","062 3103", ," "," "
2018-10-29,"Uber Technologies, Inc., In the Matter of ","Administrative","152 3054; C-4662", ," "," "
2014-06-25,"Charles River Laboratories, Int l., In the Matter of ","Administrative","142 3022", ," "," "
2007-12-17,"CEO Group, Inc. d/b/a Check Em Out, and Scott Joseph ","Federal","062 3100", ," "," "
2014-06-25,"DataMotion, Inc., a corporation, In the Matter of ","Administrative","142 3023", ," "," "
2006-10-05,"Integrity Security & Investigation Services, Inc. ","Federal","062 3101", ," "," "
2015-12-17,"Retro Dreamer ","Federal","142 3262", ," "," "
2014-06-25,"BitTorrent, Inc., In the Matter of ","Administrative","142 3020", ," "," "
2016-05-09,"Credit Protection Association ","Federal","142 3142", ," "," "
2003-07-21,"__________________, a minor, also known as _______________, by his parent ____________ ","Federal","032-3101; 022-3209", ," "," "
2013-08-15,"Certegy Check Services, Inc. ","Federal","112 3184", ," "," "
2014-06-25,"Fantage.com, Inc., In the Matter of ","Administrative","142 3026", ," "," "
2011-06-15,"Lookout Services, Inc., In the Matter of ","Administrative","102 3076", ," "," "
2011-06-27,"Teletrack, Inc. ","Federal","102 3075", ," "," "
2014-06-25,"DDC Laboratories, Inc., also d/b/a DNA Diagnostics Center, In the Matter of ","Administrative","142 3024", ," "," "
2014-06-25,"PDB Sports, Ltd., d/b/a Denver Broncos Football Club, In the Matter of ","Administrative","142 3025", ," "," "
2020-11-09,"Zoom Video Communications, Inc., In the Matter of ","Administrative","192 3167", ," "," "
2017-04-21,"Turn Inc., In the Matter of ","Administrative","152 3099", ," "," "
2014-06-25,"Level 3 Communications, LLC, In the Matter of ","Administrative","142 3028", ," "," "
2013-03-19,"Epic Marketplace, Inc. ","Administrative","112 3182", ," "," "
2014-01-16,"TeleCheck Services, Inc. ","Federal","112 3183", ," "," "
2014-06-25,"Reynolds Consumer Products, Inc, In the Matter of ","Administrative","142 3030", ," "," "
2018-02-28,"Sears Holdings Management Corporation, a corporation, in the Matter of ","Administrative","082 3099; C-4264", ," "," "
1998-06-24,"Altmeyer Home Stores, Inc., In the Matter of ","Administrative","962 3063", ," "," "
2014-06-25,"Receivable Management Services Corporation, The, In the Matter of ","Administrative","142 3031", ," "," "
1997-09-12,"Aldi Inc., In the Matter of ","Administrative","962 3064", ," "," "
2014-06-25,"Tennessee Football, Inc., In the Matter of ","Administrative","142 3032", ," "," "
2018-09-11,"BLU Products and Samuel Ohev-Zion, In the Matter of ","Administrative","172 3025", ," "," "
2014-09-17,"Yelp Inc. ","Federal","132 3066", ," "," "
2003-05-09,"Educational Research Center of America, Inc.; Student Marketing Group, Inc.; Marian Sanjana; and Jan Stumacher ","Administrative","022 3249", ," "," "
2019-07-02,"D-Link ","Federal","132 3157; X170030", ," "," "
2014-12-23,"Sitesearch Corporation, Doing Business As LeapLab ","Federal","142 3192; X150060", ," "," "
2005-03-08,"Petco Animal Supplies, Inc., In th Matter of ","Administrative","032 3221", ," "," "
2008-02-12,"Milliman, Inc., In the Matter of ","Administrative","062-3189", ," "," "
2019-08-14,"Jasjit Gotra (Alliance Security) ","Federal","X140022", ," "," "
2019-03-29,"Office Depot, Inc. ","Federal","172 3023", ," "," "
2003-01-29,"National Research Center for College and University Admissions, The, Inc.; American Student List, LLC; and Don M. Munce ","Administrative","022 3005", ," "," "
2006-09-07,"Xanga.com, Inc., John Hiler, and Marc Ginsburg ","Federal","062-3073", ," "," "
2018-06-22,"Emp Media Inc. (MyEx.com) ","Federal","162 3052", ," "," "
2016-07-28,"ASUSTeK Computer Inc., In the Matter of ","Administrative","142 3156", ," "," "
2014-06-25,"American Apparel, Inc., In the Matter of ","Administrative","142 3036", ," "," "
2016-08-16,"Practice Fusion, Inc., In the Matter of ","Administrative","142 3039", ," "," "
2016-05-23,"Henry Schein Practice Solutions, Inc., In the Matter of ","Administrative","142 3161; C4575", ," "," "
2015-10-09,"Just Bagels Manufacturing, Inc., In the Matter of ","Administrative","152 3199", ," "," "
2006-03-14,"DSW Inc.,In the Matter of ","Administrative","052 3096", ," "," "
2004-03-22,"Hill Zachary Keith ","Federal","032-3102", ," "," "
2019-12-17,"Unrollme Inc., In the Matter of ","Administrative","172 3139", ," "," "
2002-02-14,"American Pop Corn Company ","Federal","012 3026", ," "," "
2008-08-01,"TJX Companies, The, Inc., In the Matter of ","Administrative","072-3055", ," "," "
2014-02-24,"Accretive Health, Inc., In the Matter of ","Administrative","122 3077", ," "," "
2008-04-18,"Life is good, Inc. and Life is good Retail, Inc., In the Matter of ","Administrative","072-3046", ," "," "
2020-06-04,"HyperBeard, Inc. ","Federal","192 3109", ," "," "
2015-10-09,"Dale Jarrett Racing Adventure, Inc., In the Matter of ","Administrative","152 3190", ," "," "
2017-11-08,"TaxSlayer, In the Matter of ","Administrative","162 3063", ," "," "
2015-10-09,"SteriMed Medical Waste Solutions, In the Matter of ","Administrative","152 3193", ," "," "
2015-10-09,"Jhayrmaine Daniels (California Skate Line), In the Matter of ","Administrative","152 3198", ," "," "
2016-08-05,"Very Incognito Technologies, In the Matter of ","Administrative","162 3034", ," "," "
2014-04-09,"Goldenshores Technologies, LLC, and Erik M. Geidl, In the Matter of ","Administrative","132 3087", ," "," "
2014-08-19,"Fandango, LLC ","Administrative","132 3089", ," "," "
2008-12-16,"Premier Capital Lending, Inc., et al., In the Matter of ","Administrative","723004", ," "," "
2018-11-19,"VenPath, Inc., In the Matter of ","Administrative","182 3144", ," "," "
2020-07-27,"MyLife.com, Inc. ","Federal","182 3022", ," "," "
2018-11-19,"mResource LLC (Loop Works LLC), In the Matter of ","Administrative","182 3143", ," "," "
2018-01-08,"VTech Electronics Limited ","Federal","162 3032", ," "," "
2015-10-09,"Forensics Consulting Solutions, LLC, In the Matter of ","Administrative","152 3185", ," "," "
2012-06-12,"Spokeo, Inc. ","Federal","1023163", ," "," "
2004-06-02,"MTS, Inc., et al., In the Matter of ","Administrative","032-3209", ," "," "
2015-10-09,"Contract Logix, LLC, In the Matter of ","Administrative","152 3184", ," "," "
2015-10-09,"IOActive, Inc., In the Matter of ","Administrative","152 3187", ," "," "
2014-05-12,"foru  International Corporation, In the Matter of ","Administrative","112 3095", ," "," "
2001-04-19,"Looksmart, Ltd. ","Federal","002 3379", ," "," "
2018-10-16,"RealPage, Inc. ","Federal","152 3059", ," "," "
1999-02-12,"GeoCities ","Federal","982 3015", ," "," "
2014-12-31,"Snapchat, Inc., In the Matter of ","Administrative","132 3078", ," "," "
2008-12-11,"Sony BMG Music Entertainment, a general partnership subsidiary of Sony Corporation of America, United States of America (For the Federal Trade Commission) ","Federal","082 3071", ," "," "
2009-09-21,"Cash Today, Ltd. ","Federal","072 3093", ," "," "
2020-12-15,"Ascension Data & Analytics, LLC, In the Matter of ","Administrative","192 3126", ," "," "
2000-07-21,"Toysmart.com, LLC, and Toysmart.com, Inc. ","Federal","X000075", ," "," "
2020-07-06,"Miniclip, In the Matter of ","Administrative","192 3129", ," "," "
2018-09-18,"Integrated Flight Solutions, et al. ","Federal","172 3151", ," "," "
2014-08-21,"GMR Transcription Services, Inc., In the Matter of ","Administrative","122 3095", ," "," "
2015-05-29,"American International Mailing, Inc., In the Matter of ","Administrative","152 3051", ," "," "
2014-04-09,"Infotrack Information Services, Inc., et al. ","Federal","122 3092", ," "," "
2002-12-24,"Microsoft Corporation, In the Matter of ","Administrative","012 3240", ," "," "
2001-04-19,"Monarch Services, Inc., et al. ","Federal","002 3375", ," "," "
2014-02-07,"TRENDnet, Inc., In the Matter of ","Administrative","122 3090", ," "," "
2000-07-12,"Rennert, Sandra L., et al. ","Federal","992 3245", ," "," "
2012-11-07,"PLS Financial Services, Inc., et al. ","Federal","1023172", ," "," "
2021-05-03,"Support King, LLC (SpyFone.com), In the Matter of ","Administrative","192 3003", https://www.ftc.gov/enforcement/cases-proceedings/192-3003/support-king-llc-spyfonecom-matter," Surveillance"," The FTC approved a proposed order banning SpyFone and its CEO Scott Zuckerman from the surveillance business over allegations that the stalkerware app company secretly harvested and shared data on people’s physical movements, phone use, and online activities through a hidden device hack."
2008-08-01,"Reed Elsevier Inc. and Seisint, Inc., In the Matter of ","Administrative","052-3094", ," "," "
2001-04-19,"Bigmailbox.Com, Inc., et al. ","Federal","002 3378", ," "," "
2015-09-17,"Tricolor Auto Acceptance, LLC ","Federal","142 3073", ," "," "
2020-01-29,"Click Labs, Inc., In the Matter of ","Administrative","192 3090", ," "," "
2020-01-29,"Global Data Vault, LLC, In the Matter of ","Administrative","192 3093", ," "," "
2020-03-23,"T&M Protection Resources, LLC, In the Matter of ","Administrative","192 3092", ," "," "
2006-05-03,"77 Investigations, Inc. and Reginald Kimbro ","Federal","062 3099", ," "," "
2003-12-09,"30 Minute Mortgage, Inc., Gregory P. Roth, and Peter W. Stolz ","Federal","022-3224", ," "," "
2010-01-20,"Navone, Gregory ","Federal","072 3067", ," "," "
2019-12-18,"Aleksandr Kogan and Alexander Nix, In the Matter of ","Administrative","182 3106; 182 3107", ," "," "
2020-06-10,"Kohl's Department Stores, Inc. ","Federal","182 3200", ," "," "
2019-11-12,"InfoTrax Systems, L.C. ","Administrative","162 3130", ," "," "
2017-09-27,"Ashley Madison ","Federal","152 3284", ," "," "
2014-08-19,"Credit Karma, Inc. ","Administrative","132 3091", ," "," "
2012-08-08,"HireRight Solutions, Inc. ","Federal","102 313", ," "," "
2011-05-12,"Playdom, Inc. ","Federal","1023036", ," "," "
2017-02-03,"VIZIO, INC. and VIZIO Inscape Services, LLC ","Federal","162 3024", ," "," "
2010-09-22,"ChoicePoint Inc. ","Federal","052-3069", ," "," "
2005-10-24,"Sun Spectrum Communications Organization, Inc., et al. ","Federal","032 3032", ," "," "
2013-05-03,"CBR Systems, Inc., In the Matter of ","Administrative","112 3120", ," "," "
2013-03-15,"Equifax Information Services LL ","Administrative","102 3252", ," "," "
2011-09-08,"W3 Innovations, LLC d/b/a Broken Thumb Apps and Justin Maples, U.S. ","Federal","102 3251", ," "," "
2002-03-08,"Guzzetta, Victor L., d/b/a Smart Data Systems ","Federal","012 3066", ," "," "
2002-03-08,"Garrett, Paula L. d/b/a Discreet Data Systems ","Federal","012 3067", ," "," "
2021-07-01,"Kuuhuub, Inc., et al., U.S. v. (Recolor Oy) ","Federal","1823184", https://www.ftc.gov/enforcement/cases-proceedings/1823184/kuuhuub-inc-et-al-us-v-recolor-oy," COPPA","In a complaint filed by the Department of Justice on behalf of the FTC, the Commission alleged that the Toronto-based Kuuhuub Inc., along with its Finnish subsidiaries Kuu Hubb Oy and Recolor Oy, violated the Children’s Online Privacy Protection Act Rule (COPPA Rule). The Rule requires websites and apps to provide notice to parents and obtain verifiable parental consent before collecting personal information from children if the website or app—or even a portion of the website or app—is directed at children under 13."
2011-10-24,"Google, Inc., In the Matter of ","Administrative","102 3136", ," "," "
2010-11-30,"EchoMetrix, Inc. ","Federal","102 3006", ," "," "
2015-10-21,"Sprint Corporation (Sprint ASL Program) ","Federal","142 3094", ," "," "
2018-09-17,"Apartment Hunters, Inc. et al. (Wetakesection8.com) ","Federal","172 3007", ," "," "
2019-02-27,"Musical.ly, Inc. ","Federal","172 3004", ," "," "
2004-07-14,"Imperial Palace, Inc., et al., US ","Federal","323050", ," "," "
2019-07-02,"James V. Grago, Jr. doing business as ClixSense.com, In the Matter of ","Administrative","172 3003", ," "," "
2020-12-16,"SkyMed International, Inc., In the Matter of ","Administrative","1923140", ," "," "
2005-01-24,"Assail, Inc., et al. ","Federal","022 3147", ," "," "
2019-04-24,"Unixiz, Inc. doing business as i-Dressup.com ","Federal","172 3002", ," "," "
2010-02-25,"ControlScan, Inc. ","Federal","072 3165", ," "," "
2002-07-18,"Corporate Marketing Solutions, Inc. ","Federal","022-3001", ," "," "
2018-11-08,"ReadyTech Corporation, In the Matter of ","Administrative","182 3100", ," "," "
1999-08-02,"First American Real Estate Solutions, LL ","Federal","952 3267", ," "," "
2009-08-11,"United States of America ","for the Federal Trade Commission,","082 3022", ," "," "
2007-02-21,"Consumerinfo.com., Inc., d/b/a Experian Consumer Direct, Qspace, Inc., and Iplace Inc. ","Federal","022 3263", ," "," "
2008-04-15,"Goal Financial, LLC, In the Matter of ","Administrative","072-3013", ," "," "
2014-04-09,"Instant Checkmate, Inc. ","Federal","122 3221", ," "," "
2004-05-13,"NCO Group, Inc., et al. ","Federal","992-3012", ," "," "
2003-08-05,"Guess?, Inc., and Guess.com, Inc., In the Matter of ","Administrative","022 3260", ," "," "
2009-08-11,"United States of America ","for the Federal Trade Commission,","082 3023", ," "," "
2019-12-18,"Cambridge Analytica, LLC, In the Matter of ","Administrative","182 3107", ," "," "
2012-10-10,"Direct Lending Source, Inc., et al. ","Federal","102 3000", ," "," "
2015-10-09,"Golf Connect, LLC, In the Matter of ","Administrative","152 3141", ," "," "
2014-09-17,"TinyCo, Inc. ","Federal","132 3209", ," "," "
2015-10-09,"Jubilant Clinsys, Inc., In the Matter of ","Administrative","152 3140", ," "," "
2012-03-27,"RockYou, Inc. ","Federal","1023120", ," "," "
2004-10-13,"Bonzi Software, Inc. ","Administrative","042 3016", ," "," "
2008-02-12,"Ingenix, Inc., In the Matter of ","Administrative","062 3190", ," "," "
2017-09-13,"Lenovo, Inc. ","Administrative","152 3134", ," "," "
2012-04-03,"Upromise, Inc. ","Administrative","102 3116", ," "," "
2020-12-08,"AppFolio, Inc. ","Federal","1923016", https://www.ftc.gov/enforcement/cases-proceedings/1923016/appfolio-inc," FCRA"," The FTC approved a proposed order banning SpyFone and its CEO Scott Zuckerman from the surveillance business over allegations that the stalkerware app company secretly harvested and shared data on people’s physical movements, phone use, and online activities through a hidden device hack."
2015-05-29,"TES Franchising, LLC, In the Matter of ","Administrative","152 3015", ," "," "
2019-10-22,"Retina-X Studios, LLC, In the Matter of ","Administrative","172 3118", ," "," "
2016-03-29,"Oracle Corporation, In the Matter of ","Administrative","132 3115; C4571", ," "," "
2015-10-09,"NAICS Association, LLC, In the Matter of ","Administrative","152 3138", ," "," "
2015-10-09,"Pinger, Inc., In the Matter of ","Administrative","152 3137", ," "," "
2018-09-18,"Katrina Moore ","Federal","172 3111", ," "," "
2010-06-08,"Dave & Buster's, Inc.,In the Matter of ","Administrative","082 3153", ," "," "
2009-07-09,"United States of America ","for the Federal Trade Commission","072 3173", ," "," "
2006-06-20,"Nations Title Agency, Inc., Nations Holding Company, and Christopher M. Likens., In the Matter of ","Administrative","052 3117", ," "," "
2006-01-17,"Far West Credit, Inc., U.S. ","Federal","042-3185", ," "," "
2010-01-19,"Collectify LL ","Administrative","092 3142", ," "," "
1999-08-12,"Liberty Financial Companies, Inc. ","Federal","982 3522", ," "," "
2007-04-03,"Guidance Software, Inc., In the Matter of ","Administrative","062 3057", ," "," "
2021-05-07,"Everalbum, Inc., In the Matter of ","Administrative","192 3172", https://www.ftc.gov/enforcement/cases-proceedings/192-3172/everalbum-inc-matter, ," Everalbum settled Federal Trade Commission allegations that it deceived consumers about its use of facial recognition technology and its retention of photos and videos of users who deactivated their accounts. As part of the settlement with the FTC, Everalbum, Inc. must obtain consumers  express consent before using facial recognition technology on their photos and videos, delete the photos and videos of Ever app users who deactivated their accounts and the models and algorithms it developed by using the photos and videos uploaded by its users. In addition, if the company markets software to U.S. consumers for personal use, it must obtain users  express consent before using biometric information it collected from them."
2020-07-13,"Ortho-Clinical Diagnostics, Inc., In the Matter of ","Administrative","192 3050", ," "," "
2005-01-07,"Sunbelt Lending Services, Inc., In the Matter of ","Administrative","042 3153", ," "," "
2020-11-30,"Midwest Recovery Systems, LLC ","Federal","1923042", ," "," "
2008-05-28,"Action Research Group, Inc., et al. ","Federal","072 3021", ," "," "
2018-02-12,"Prime Sites, Inc. (Explore Talent) ","Federal","162 3218", ," "," "
2013-04-15,"B. Stamper Enterprises, Inc., In the Matter of ","Administrative","112 3151", ," "," "
2011-12-21,"ScanScout, Inc., In the Matter of ","Administrative","102 3185", ," "," "
2009-06-29,"Accusearch, Inc. d/b/a Abika.com, and Jay Patel ","Federal","052 3126", ," "," "
2001-10-02,"Frank, Lisa, Inc. ","Federal","012-3050", ," "," "
2020-03-09,"BoostMyScore LLC ","Federal","192 3059", ," "," "
2021-04-29,"Vivint Smart Home, Inc. ","Federal","192 3060", ," "," "
2018-05-24,"PayPal, Inc., In the Matter of ","Administrative","162 3102", ," "," "
2004-09-10,"AT&T Corp ","Federal","022-3159", ," "," "
2020-01-16,"EmpiriStat, In the Matter of ","Administrative","182 3195", ," "," "
2020-01-16,"LotaData, Inc., In the Matter of ","Administrative","182 3194", ," "," "
2020-01-16,"Trueface.ai, In the Matter of ","Administrative","182 3193", ," "," "
2020-01-09,"Medable, Inc., In the Matter of ","Administrative","182 3192", ," "," "
2020-01-07,"Mortgage Solutions FCS, Inc. ","Federal","182 3199", ," "," "
2011-10-12,"Frostwire LLC and Angel Leon ","Federal","112 3041", ," "," "
2020-01-16,"Thru, Inc., In the Matter of ","Administrative","182 3196", ," "," "
2002-04-22,"Ohio Art Company, The ","Federal","022-3028", ," "," "
2012-10-04,"Artist Arena LLC, United States of America (for the Federal Trade Commission) ","Federal","112 3167", ," "," "
2020-04-28,"Facebook, Inc., In the Matter of ","Administrative","092 3184; 182 3109; C-4365", ," "," "
2010-02-02,"First Advantage SafeRent, Inc., et al., USA (for the FTC) ","Federal","082 3016", ," "," "
2005-12-16,"Superior Mortgage Corp., In the Matter of ","Administrative","052 3136", ," "," "
2012-09-11,"Myspace LLC, In the Matter of ","Administrative","102 3058", ," "," "
2002-11-13,"FTC v. Global Mortgage Funding, Inc., et al., SACV 02-1026 DOC"," ","022-3234; 022-3235; 022-3236; 022-3237; 022-3077; 022-3302", ," "," "
2012-01-31,"Asset Acceptance, LLC ","Federal","052 3133", ," "," "
2010-01-19,"ExpatEdge Partners, LL ","Administrative","923138", ," "," "
2010-01-19,"Onyx Graphics, Inc. ","Administrative","923139", ," "," "
2004-09-10,"Sprint Corporation, Sprint Communications Company L.P., et al. ","Federal","022-3160", ," "," "
2019-01-29,"Roca Labs, Inc. ","Federal","142 3255; X150061", ," "," "
2017-03-23,"Upromise, Inc. ","Federal","102 3116; C-4351", ," "," "
2010-01-19,"World Innovators, Inc., In the Matter of ","Administrative","923137", ," "," "
2016-01-08,"Craig Brittain, In the Matter of ","Administrative","132 3120", ," "," "
2010-03-30,"Direct Marketing Associates, Corp., et al., USA ","Federal","072 3002", ," "," "
2008-03-17,"ValueClick, Inc., Hi-Speed Media, Inc., and E-Babylon, Inc., U.S. (for the FTC) ","Federal","072-3111; 072-3158", ," "," "
2019-07-31,"Equifax, Inc. ","Federal","172 3203", ," "," "
2013-12-19,"Time Warner Cable Inc. ","Federal","122 3149", ," "," "
2010-11-22,"Rite Aid Corporation, In the Matter of ","Administrative","072 3121", ," "," "
2018-01-08,"Jerk, LLC, d/b/a Jerk.com, In the Matter of ","Administrative","122 3141", ," "," "
2011-06-15,"Ceridian Corporation, In the Matter of ","Administrative","102 3160", ," "," "
2010-04-22,"United States of America v. Central Credit, LLC"," ","082 3106", ," "," "
2008-09-09,"EMC Mortgage Co. ","Federal","062 3031", ," "," "
2006-09-08,"CardSystems Solutions, Inc., and Solidus Networks, Inc., d/b/a Pay By Touch Solutions, In the Matter of ","Administrative","052 3148", ," "," "
2020-04-06,"Credit Bureau Center, LLC (formerly known as MyScore LLC) ","Federal","162 3120; X170014", ," "," "
2019-12-03,"Incentive Services, Inc., In the Matter of ","Administrative","192 3078", ," "," "
2005-09-23,"BJ's Wholesale Club, Inc., In the Matter of ","Administrative","042 3160", ," "," "
2019-12-03,"TDARX, Inc., In the Matter of ","Administrative","192 3084", ," "," "
2010-01-19,"Progressive Gaitways LL ","Administrative","923141", ," "," "
2010-01-19,"Directors Desk LL ","Administrative","923140", ," "," "
2014-03-11,"Aaron s, Inc., In the Matter of ","Administrative","122 3256", ," "," "
2012-10-26,"EPN, Inc., also d/b/a Checknet, Inc., In the Matter of ","Administrative","112 3143", ," "," "
2009-03-20,"Gencia Corporation and Compgeeks.com, also d/b/a Computer Geeks Discount Outlet and Geeks.com ","Administrative","082 3113", ," "," "
2013-02-25,"Compete, Inc. ","Administrative","102 3155", ," "," "
2004-12-28,"Gateway Learning Corp., In the Matter of ","Administrative","042 3047", ," "," "
